Name,Total,Problem,Run,Optimal,Check_Bound,check_type
R100701006_2_cplex.mps,3540.3231233750003,2151.539850792,1388.783272583,true,0,0
