Name,Total,Problem,Run,Optimal,Check_Bound,check_type
R100701004_2_cplex.mps,1925.7410493369998,971.511836736,954.229212601,true,0,0
