Name,Total,Problem,Run,Optimal,Check_Bound,check_type
R100701007_2_cplex.mps,3136.7081395699997,1816.581513546,1320.126626024,true,0,0
