Name,Total,Problem,Run,Optimal,Check_Bound,check_type
R100701002_2_cplex.mps,948.9254818449999,688.405848754,260.519633091,true,0,0
