Name,Total,Problem,Run,Optimal,Check_Bound,check_type
R100701006_2_cplex.mps,1882.9308176979998,1232.264289671,650.666528027,true,0,0
