Name,Total,Problem,Run,Optimal,Check_Bound,check_type,obj_value
3_R170725002_veri_cplex.mps,31.963974626000002,14.183130733,17.780843893,true,0,0,64435.10204208833
