Name,Total,Problem,Run,Optimal,Check_Bound,check_type
R100701004_2_cplex.mps,1448.9067141340001,720.840455825,728.066258309,true,0,0
