Name,Total,Problem,Run,Optimal,Check_Bound,check_type
R100701005_2_cplex.mps,581.9346579329999,351.677433276,230.257224657,true,0,0
