Name,Total,Problem,Run,Optimal,Check_Bound,check_type
R100701006_2_cplex.mps,2497.0763152239997,1573.750377289,923.325937935,true,0,0
