Name,Total,Problem,Run,Optimal,Check_Bound,check_type,obj_value
R100701001_2_cplex.mps,111.661864648,45.992581995,65.669282653,false,0,243,60950.032605648856
